1,Syltherine,Stylish cafe chair,2500000,3500000,0.30,FALSE,https://i.postimg.cc/Qtc09hjv/mesa.png,08/03/2023,09/03/2023,SKU-BA-001-C-L
2,Leviosa,Stylish cafe chair,2500000,2500000,0,FALSE,https://i.postimg.cc/sDmH4j5r/cadeira.png,09/03/2023,10/03/2023,SKU-BA-010-C-L
3,Lolito,Luxury big sofa,7000000,14000000,.50,FALSE,https://i.postimg.cc/kGcsss6c/sofa-grande.png,10/03/2023,11/03/2023,SKU-SO-001-C-L
4,Respira,Outdoor bar table and stool,500000,500000,0,TRUE,https://i.postimg.cc/y8WjhFVm/sofa-sala.png,09/04/2024,10/04/2024,SKU-SO-010-C-L
5,Grifo,Night lamp,1500000,1500000,0,FALSE,https://i.postimg.cc/RV4bt66d/abajur.png,12/03/2023,13/03/2023,SKU-AB-001-C-L
6,Muggo,Small mug,150000,150000,0,TRUE,https://i.postimg.cc/Z5gcwCR1/sofa.png,12/03/2024,13/03/2024,SKU-SO-020-C-L
7,Pingky,Cute bed set,7000000,14000000,.50,FALSE,https://i.postimg.cc/DyvBZ9HY/sofa-grande2.png,14/03/2023,15/03/2023,SKU-SO-029-C-L
8,Potty,Minimalist flower pot,500000,500000,0,TRUE,https://i.postimg.cc/3Jt9DLHr/sofa-pequeno.png,17/04/2024,18/04/2024,SKU-SO-038-V-LX
9,Syltherine,Stylish cafe chair,2500000,3500000,0.30,FALSE,https://i.postimg.cc/Qtc09hjv/mesa.png,08/03/2023,09/03/2023,SKU-BA-002-C-XL
10,Leviosa,Stylish cafe chair,2500000,2500000,0,FALSE,https://i.postimg.cc/sDmH4j5r/cadeira.png,09/03/2023,10/03/2023,SKU-BA-011-C-XL
11,Lolito,Luxury big sofa,7000000,14000000,.50,FALSE,https://i.postimg.cc/kGcsss6c/sofa-grande.png,10/03/2023,11/03/2023,SKU-SO-002-C-XL
12,Respira,Outdoor bar table and stool,500000,500000,0,TRUE,https://i.postimg.cc/y8WjhFVm/sofa-sala.png,09/04/2024,10/04/2024,SKU-SO-011-C-XL
13,Grifo,Night lamp,1500000,1500000,0,FALSE,https://i.postimg.cc/RV4bt66d/abajur.png,12/03/2023,13/03/2023,SKU-AB-002-C-XL
14,Muggo,Small mug,150000,150000,0,TRUE,https://i.postimg.cc/Z5gcwCR1/sofa.png,12/03/2024,13/03/2024,SKU-SO-021-C-XL
15,Pingky,Cute bed set,7000000,14000000,.50,FALSE,https://i.postimg.cc/DyvBZ9HY/sofa-grande2.png,14/03/2023,15/03/2023,SKU-SO-030-C-XL
16,Potty,Minimalist flower pot,500000,500000,0,TRUE,https://i.postimg.cc/3Jt9DLHr/sofa-pequeno.png,17/04/2024,18/04/2024,SKU-SO-039-C-L
17,Syltherine,Stylish cafe chair,2500000,3500000,0.30,FALSE,https://i.postimg.cc/Qtc09hjv/mesa.png,08/03/2023,09/03/2023,SKU-BA-003-C-LX
18,Leviosa,Stylish cafe chair,2500000,2500000,0,FALSE,https://i.postimg.cc/sDmH4j5r/cadeira.png,09/03/2023,10/03/2023,SKU-BA-012-C-LX
19,Lolito,Luxury big sofa,7000000,14000000,.50,FALSE,https://i.postimg.cc/kGcsss6c/sofa-grande.png,10/03/2023,11/03/2023,SKU-SO-003-C-LX
20,Respira,Outdoor bar table and stool,500000,500000,0,TRUE,https://i.postimg.cc/y8WjhFVm/sofa-sala.png,09/04/2024,10/04/2024,SKU-SO-012-C-LX
21,Grifo,Night lamp,1500000,1500000,0,FALSE,https://i.postimg.cc/RV4bt66d/abajur.png,12/03/2023,13/03/2023,SKU-AB-003-C-LX
22,Muggo,Small mug,150000,150000,0,TRUE,https://i.postimg.cc/Z5gcwCR1/sofa.png,12/03/2024,13/03/2024,SKU-SO-022-C-LX
23,Pingky,Cute bed set,7000000,14000000,.50,FALSE,https://i.postimg.cc/DyvBZ9HY/sofa-grande2.png,14/03/2023,15/03/2023,SKU-SO-031-C-LX
24,Potty,Minimalist flower pot,500000,500000,0,TRUE,https://i.postimg.cc/3Jt9DLHr/sofa-pequeno.png,17/04/2024,18/04/2024,SKU-SO-040-C-XL
25,Syltherine,Stylish cafe chair,2500000,3500000,0.30,FALSE,https://i.postimg.cc/Qtc09hjv/mesa.png,08/03/2023,09/03/2023,SKU-BA-004-A-L
26,Leviosa,Stylish cafe chair,2500000,2500000,0,FALSE,https://i.postimg.cc/sDmH4j5r/cadeira.png,09/03/2023,10/03/2023,SKU-BA-013-A-L
27,Lolito,Luxury big sofa,7000000,14000000,.50,FALSE,https://i.postimg.cc/kGcsss6c/sofa-grande.png,10/03/2023,11/03/2023,SKU-SO-004-A-L
28,Respira,Outdoor bar table and stool,500000,500000,0,TRUE,https://i.postimg.cc/y8WjhFVm/sofa-sala.png,09/04/2024,10/04/2024,SKU-SO-014-A-L
29,Grifo,Night lamp,1500000,1500000,0,FALSE,https://i.postimg.cc/RV4bt66d/abajur.png,12/03/2023,13/03/2023,SKU-AB-004-A-L
30,Muggo,Small mug,150000,150000,0,TRUE,https://i.postimg.cc/Z5gcwCR1/sofa.png,12/03/2024,13/03/2024,SKU-SO-023-A-L
31,Pingky,Cute bed set,7000000,14000000,.50,FALSE,https://i.postimg.cc/DyvBZ9HY/sofa-grande2.png,14/03/2023,15/03/2023,SKU-SO-032-A-L
32,Potty,Minimalist flower pot,500000,500000,0,TRUE,https://i.postimg.cc/3Jt9DLHr/sofa-pequeno.png,17/04/2024,18/04/2024,SKU-SO-041-C-LX
33,Syltherine,Stylish cafe chair,2500000,3500000,0.30,FALSE,https://i.postimg.cc/Qtc09hjv/mesa.png,08/03/2023,09/03/2023,SKU-BA-005-A-XL
34,Leviosa,Stylish cafe chair,2500000,2500000,0,FALSE,https://i.postimg.cc/sDmH4j5r/cadeira.png,09/03/2023,10/03/2023,SKU-BA-014-A-XL
35,Lolito,Luxury big sofa,7000000,14000000,.50,FALSE,https://i.postimg.cc/kGcsss6c/sofa-grande.png,10/03/2023,11/03/2023,SKU-SO-005-A-XL
36,Respira,Outdoor bar table and stool,500000,500000,0,TRUE,https://i.postimg.cc/y8WjhFVm/sofa-sala.png,09/04/2024,10/04/2024,SKU-SO-015-A-XL
37,Grifo,Night lamp,1500000,1500000,0,FALSE,https://i.postimg.cc/RV4bt66d/abajur.png,12/03/2023,13/03/2023,SKU-AB-005-A-XL
38,Muggo,Small mug,150000,150000,0,TRUE,https://i.postimg.cc/Z5gcwCR1/sofa.png,12/03/2024,13/03/2024,SKU-SO-024-A-XL
39,Pingky,Cute bed set,7000000,14000000,.50,FALSE,https://i.postimg.cc/DyvBZ9HY/sofa-grande2.png,14/03/2023,15/03/2023,SKU-SO-033-A-XL
40,Potty,Minimalist flower pot,500000,500000,0,TRUE,https://i.postimg.cc/3Jt9DLHr/sofa-pequeno.png,17/04/2024,18/04/2024,SKU-SO-042-A-L
41,Syltherine,Stylish cafe chair,2500000,3500000,0.30,FALSE,https://i.postimg.cc/Qtc09hjv/mesa.png,08/03/2023,09/03/2023,SKU-BA-006-A-LX
42,Leviosa,Stylish cafe chair,2500000,2500000,0,FALSE,https://i.postimg.cc/sDmH4j5r/cadeira.png,09/03/2023,10/03/2023,SKU-BA-015-A-LX
43,Lolito,Luxury big sofa,7000000,14000000,.50,FALSE,https://i.postimg.cc/kGcsss6c/sofa-grande.png,10/03/2023,11/03/2023,SKU-SO-006-A-LX
44,Respira,Outdoor bar table and stool,500000,500000,0,TRUE,https://i.postimg.cc/y8WjhFVm/sofa-sala.png,09/04/2024,10/04/2024,SKU-SO-016-A-LX
45,Grifo,Night lamp,1500000,1500000,0,FALSE,https://i.postimg.cc/RV4bt66d/abajur.png,12/03/2023,13/03/2023,SKU-AB-006-A-LX
46,Muggo,Small mug,150000,150000,0,TRUE,https://i.postimg.cc/Z5gcwCR1/sofa.png,12/03/2024,13/03/2024,SKU-SO-025-A-LX
47,Pingky,Cute bed set,7000000,14000000,.50,FALSE,https://i.postimg.cc/DyvBZ9HY/sofa-grande2.png,14/03/2023,15/03/2023,SKU-SO-034-A-LX
48,Potty,Minimalist flower pot,500000,500000,0,TRUE,https://i.postimg.cc/3Jt9DLHr/sofa-pequeno.png,17/04/2024,18/04/2024,SKU-SO-043-A-XL
49,Syltherine,Stylish cafe chair,2500000,3500000,0.30,FALSE,https://i.postimg.cc/Qtc09hjv/mesa.png,08/03/2023,09/03/2023,SKU-BA-007-V-L
50,Leviosa,Stylish cafe chair,2500000,2500000,0,FALSE,https://i.postimg.cc/sDmH4j5r/cadeira.png,09/03/2023,10/03/2023,SKU-BA-016-V-L
51,Lolito,Luxury big sofa,7000000,14000000,.50,FALSE,https://i.postimg.cc/kGcsss6c/sofa-grande.png,10/03/2023,11/03/2023,SKU-SO-007-V-L
52,Respira,Outdoor bar table and stool,500000,500000,0,TRUE,https://i.postimg.cc/y8WjhFVm/sofa-sala.png,09/04/2024,10/04/2024,SKU-SO-017-V-L
53,Grifo,Night lamp,1500000,1500000,0,FALSE,https://i.postimg.cc/RV4bt66d/abajur.png,12/03/2023,13/03/2023,SKU-AB-007-V-L
54,Muggo,Small mug,150000,150000,0,TRUE,https://i.postimg.cc/Z5gcwCR1/sofa.png,12/03/2024,13/03/2024,SKU-SO-026-V-L
55,Pingky,Cute bed set,7000000,14000000,.50,FALSE,https://i.postimg.cc/DyvBZ9HY/sofa-grande2.png,14/03/2023,15/03/2023,SKU-SO-034-V-L
56,Potty,Minimalist flower pot,500000,500000,0,TRUE,https://i.postimg.cc/3Jt9DLHr/sofa-pequeno.png,17/04/2024,18/04/2024,SKU-SO-044-A-LX
57,Syltherine,Stylish cafe chair,2500000,3500000,0.30,FALSE,https://i.postimg.cc/Qtc09hjv/mesa.png,08/03/2023,09/03/2023,SKU-BA-008-V-XL
58,Leviosa,Stylish cafe chair,2500000,2500000,0,FALSE,https://i.postimg.cc/sDmH4j5r/cadeira.png,09/03/2023,10/03/2023,SKU-BA-017-V-XL
59,Lolito,Luxury big sofa,7000000,14000000,.50,FALSE,https://i.postimg.cc/kGcsss6c/sofa-grande.png,10/03/2023,11/03/2023,SKU-SO-008-V-XL
60,Respira,Outdoor bar table and stool,500000,500000,0,TRUE,https://i.postimg.cc/y8WjhFVm/sofa-sala.png,09/04/2024,10/04/2024,SKU-SO-018-V-XL
61,Grifo,Night lamp,1500000,1500000,0,FALSE,https://i.postimg.cc/RV4bt66d/abajur.png,12/03/2023,13/03/2023,SKU-AB-008-V-XL
62,Muggo,Small mug,150000,150000,0,TRUE,https://i.postimg.cc/Z5gcwCR1/sofa.png,12/03/2024,13/03/2024,SKU-SO-027-V-XL
63,Pingky,Cute bed set,7000000,14000000,.50,FALSE,https://i.postimg.cc/DyvBZ9HY/sofa-grande2.png,14/03/2023,15/03/2023,SKU-SO-037-V-XL
64,Potty,Minimalist flower pot,500000,500000,0,TRUE,https://i.postimg.cc/3Jt9DLHr/sofa-pequeno.png,17/04/2024,18/04/2024,SKU-SO-045-V-L
65,Syltherine,Stylish cafe chair,2500000,3500000,0.30,FALSE,https://i.postimg.cc/Qtc09hjv/mesa.png,08/03/2023,09/03/2023,SKU-BA-009-V-LX
66,Leviosa,Stylish cafe chair,2500000,2500000,0,FALSE,https://i.postimg.cc/sDmH4j5r/cadeira.png,09/03/2023,10/03/2023,SKU-BA-018-V-LX
67,Lolito,Luxury big sofa,7000000,14000000,.50,FALSE,https://i.postimg.cc/kGcsss6c/sofa-grande.png,10/03/2023,11/03/2023,SKU-SO-009-V-LX
68,Respira,Outdoor bar table and stool,500000,500000,0,TRUE,https://i.postimg.cc/y8WjhFVm/sofa-sala.png,09/04/2024,10/04/2024,SKU-SO-019-V-LX
69,Grifo,Night lamp,1500000,1500000,0,FALSE,https://i.postimg.cc/RV4bt66d/abajur.png,12/03/2023,13/03/2023,SKU-AB-009-V-LX
70,Muggo,Small mug,150000,150000,0,TRUE,https://i.postimg.cc/Z5gcwCR1/sofa.png,12/03/2024,13/03/2024,SKU-SO-028-V-LX
71,Syltherine-especial,Stylish cafe chair-especial,2500000,3500000,0.30,FALSE,https://i.postimg.cc/Qtc09hjv/mesa.png,08/03/2023,09/03/2023,SKU-BA-001-C-L-S
72,Leviosa-especial,Stylish cafe chair-especial,2500000,3500000,0.30,FALSE,https://i.postimg.cc/Qtc09hjv/mesa.png,08/03/2023,09/03/2023,SKU-BA-010-C-L-S
73,Lolito-especial,Luxury big sofa-especial,2500000,2500000,0,FALSE,https://i.postimg.cc/sDmH4j5r/cadeira.png,09/03/2023,10/03/2023,SKU-SO-001-C-L-S
74,Respira-especial,Outdoor bar table and stool-especial,7000000,14000000,.50,FALSE,https://i.postimg.cc/kGcsss6c/sofa-grande.png,10/03/2023,11/03/2023,SKU-SO-010-C-L-S
75,Grifo-especial,Night lamp-especial,500000,500000,0,TRUE,https://i.postimg.cc/y8WjhFVm/sofa-sala.png,09/04/2024,10/04/2024,SKU-AB-001-C-L-S
76,Muggo-especial,Small mug-especial,1500000,1500000,0,FALSE,https://i.postimg.cc/RV4bt66d/abajur.png,12/03/2023,13/03/2023,SKU-SO-020-C-L-S
77,Pingky-especial,Cute bed set-especial,150000,150000,0,TRUE,https://i.postimg.cc/Z5gcwCR1/sofa.png,12/03/2024,13/03/2024,SKU-SO-029-C-L-S
78,Potty-especial,Minimalist flower pot-especial,7000000,14000000,.50,FALSE,https://i.postimg.cc/DyvBZ9HY/sofa-grande2.png,14/03/2023,15/03/2023,SKU-SO-038-V-LX-S
79,Syltherine-especial,Stylish cafe chair-especial,500000,500000,0,TRUE,https://i.postimg.cc/3Jt9DLHr/sofa-pequeno.png,17/04/2024,18/04/2024,SKU-BA-002-C-XL-S
80,Leviosa-especial,Stylish cafe chair-especial,2500000,3500000,0.30,FALSE,https://i.postimg.cc/Qtc09hjv/mesa.png,08/03/2023,09/03/2023,SKU-BA-011-C-XL-S
81,Lolito-especial,Luxury big sofa-especial,2500000,2500000,0,FALSE,https://i.postimg.cc/sDmH4j5r/cadeira.png,09/03/2023,10/03/2023,SKU-SO-002-C-XL-S
82,Respira-especial,Outdoor bar table and stool-especial,7000000,14000000,.50,FALSE,https://i.postimg.cc/kGcsss6c/sofa-grande.png,10/03/2023,11/03/2023,SKU-SO-011-C-XL-S
83,Grifo-especial,Night lamp-especial,500000,500000,0,TRUE,https://i.postimg.cc/y8WjhFVm/sofa-sala.png,09/04/2024,10/04/2024,SKU-AB-002-C-XL-S
84,Muggo-especial,Small mug-especial,1500000,1500000,0,FALSE,https://i.postimg.cc/RV4bt66d/abajur.png,12/03/2023,13/03/2023,SKU-SO-021-C-XL-S
85,Pingky-especial,Cute bed set-especial,150000,150000,0,TRUE,https://i.postimg.cc/Z5gcwCR1/sofa.png,12/03/2024,13/03/2024,SKU-SO-030-C-XL-S
86,Potty-especial,Minimalist flower pot-especial,7000000,14000000,.50,FALSE,https://i.postimg.cc/DyvBZ9HY/sofa-grande2.png,14/03/2023,15/03/2023,SKU-SO-039-C-L-S
87,Syltherine-especial,Stylish cafe chair-especial,500000,500000,0,TRUE,https://i.postimg.cc/3Jt9DLHr/sofa-pequeno.png,17/04/2024,18/04/2024,SKU-BA-003-C-LX-S
88,Leviosa-especial,Stylish cafe chair-especial,2500000,3500000,0.30,FALSE,https://i.postimg.cc/Qtc09hjv/mesa.png,08/03/2023,09/03/2023,SKU-BA-012-C-LX-S
89,Lolito-especial,Luxury big sofa-especial,2500000,2500000,0,FALSE,https://i.postimg.cc/sDmH4j5r/cadeira.png,09/03/2023,10/03/2023,SKU-SO-003-C-LX-S
90,Respira-especial,Outdoor bar table and stool-especial,7000000,14000000,.50,FALSE,https://i.postimg.cc/kGcsss6c/sofa-grande.png,10/03/2023,11/03/2023,SKU-SO-012-C-LX-S
91,Grifo-especial,Night lamp-especial,500000,500000,0,TRUE,https://i.postimg.cc/y8WjhFVm/sofa-sala.png,09/04/2024,10/04/2024,SKU-AB-003-C-LX-S
92,Muggo-especial,Small mug-especial,1500000,1500000,0,FALSE,https://i.postimg.cc/RV4bt66d/abajur.png,12/03/2023,13/03/2023,SKU-SO-022-C-LX-S
93,Pingky-especial,Cute bed set-especial,150000,150000,0,TRUE,https://i.postimg.cc/Z5gcwCR1/sofa.png,12/03/2024,13/03/2024,SKU-SO-031-C-LX-S
94,Potty-especial,Minimalist flower pot-especial,7000000,14000000,.50,FALSE,https://i.postimg.cc/DyvBZ9HY/sofa-grande2.png,14/03/2023,15/03/2023,SKU-SO-040-C-XL-S
95,Syltherine-especial,Stylish cafe chair-especial,500000,500000,0,TRUE,https://i.postimg.cc/3Jt9DLHr/sofa-pequeno.png,17/04/2024,18/04/2024,SKU-BA-004-A-L-S
96,Leviosa-especial,Stylish cafe chair-especial,2500000,3500000,0.30,FALSE,https://i.postimg.cc/Qtc09hjv/mesa.png,08/03/2023,09/03/2023,SKU-BA-013-A-L-S
97,Lolito-especial,Luxury big sofa-especial,2500000,2500000,0,FALSE,https://i.postimg.cc/sDmH4j5r/cadeira.png,09/03/2023,10/03/2023,SKU-SO-004-A-L-S
98,Respira-especial,Outdoor bar table and stool-especial,7000000,14000000,.50,FALSE,https://i.postimg.cc/kGcsss6c/sofa-grande.png,10/03/2023,11/03/2023,SKU-SO-014-A-L-S
99,Grifo-especial,Night lamp-especial,500000,500000,0,TRUE,https://i.postimg.cc/y8WjhFVm/sofa-sala.png,09/04/2024,10/04/2024,SKU-AB-004-A-L-S
100,Muggo-especial,Small mug-especial,1500000,1500000,0,FALSE,https://i.postimg.cc/RV4bt66d/abajur.png,12/03/2023,13/03/2023,SKU-SO-023-A-L-S
101,Pingky-especial,Cute bed set-especial,150000,150000,0,TRUE,https://i.postimg.cc/Z5gcwCR1/sofa.png,12/03/2024,13/03/2024,SKU-SO-032-A-L-S
102,Potty-especial,Minimalist flower pot-especial,7000000,14000000,.50,FALSE,https://i.postimg.cc/DyvBZ9HY/sofa-grande2.png,14/03/2023,15/03/2023,SKU-SO-041-C-LX-S
103,Syltherine-especial,Stylish cafe chair-especial,500000,500000,0,TRUE,https://i.postimg.cc/3Jt9DLHr/sofa-pequeno.png,17/04/2024,18/04/2024,SKU-BA-005-A-XL-S
104,Leviosa-especial,Stylish cafe chair-especial,2500000,3500000,0.30,FALSE,https://i.postimg.cc/Qtc09hjv/mesa.png,08/03/2023,09/03/2023,SKU-BA-014-A-XL-S
105,Lolito-especial,Luxury big sofa-especial,2500000,2500000,0,FALSE,https://i.postimg.cc/sDmH4j5r/cadeira.png,09/03/2023,10/03/2023,SKU-SO-005-A-XL-S
106,Respira-especial,Outdoor bar table and stool-especial,7000000,14000000,.50,FALSE,https://i.postimg.cc/kGcsss6c/sofa-grande.png,10/03/2023,11/03/2023,SKU-SO-015-A-XL-S
107,Grifo-especial,Night lamp-especial,500000,500000,0,TRUE,https://i.postimg.cc/y8WjhFVm/sofa-sala.png,09/04/2024,10/04/2024,SKU-AB-005-A-XL-S
108,Muggo-especial,Small mug-especial,1500000,1500000,0,FALSE,https://i.postimg.cc/RV4bt66d/abajur.png,12/03/2023,13/03/2023,SKU-SO-024-A-XL-S
109,Pingky-especial,Cute bed set-especial,150000,150000,0,TRUE,https://i.postimg.cc/Z5gcwCR1/sofa.png,12/03/2024,13/03/2024,SKU-SO-033-A-XL-S
110,Potty-especial,Minimalist flower pot-especial,7000000,14000000,.50,FALSE,https://i.postimg.cc/DyvBZ9HY/sofa-grande2.png,14/03/2023,15/03/2023,SKU-SO-042-A-L-S
111,Syltherine-especial,Stylish cafe chair-especial,500000,500000,0,TRUE,https://i.postimg.cc/3Jt9DLHr/sofa-pequeno.png,17/04/2024,18/04/2024,SKU-BA-006-A-LX-S
112,Leviosa-especial,Stylish cafe chair-especial,2500000,3500000,0.30,FALSE,https://i.postimg.cc/Qtc09hjv/mesa.png,08/03/2023,09/03/2023,SKU-BA-015-A-LX-S
113,Lolito-especial,Luxury big sofa-especial,2500000,2500000,0,FALSE,https://i.postimg.cc/sDmH4j5r/cadeira.png,09/03/2023,10/03/2023,SKU-SO-006-A-LX-S
114,Respira-especial,Outdoor bar table and stool-especial,7000000,14000000,.50,FALSE,https://i.postimg.cc/kGcsss6c/sofa-grande.png,10/03/2023,11/03/2023,SKU-SO-016-A-LX-S
115,Grifo-especial,Night lamp-especial,500000,500000,0,TRUE,https://i.postimg.cc/y8WjhFVm/sofa-sala.png,09/04/2024,10/04/2024,SKU-AB-006-A-LX-S
116,Muggo-especial,Small mug-especial,1500000,1500000,0,FALSE,https://i.postimg.cc/RV4bt66d/abajur.png,12/03/2023,13/03/2023,SKU-SO-025-A-LX-S
117,Pingky-especial,Cute bed set-especial,150000,150000,0,TRUE,https://i.postimg.cc/Z5gcwCR1/sofa.png,12/03/2024,13/03/2024,SKU-SO-034-A-LX-S
118,Potty-especial,Minimalist flower pot-especial,7000000,14000000,.50,FALSE,https://i.postimg.cc/DyvBZ9HY/sofa-grande2.png,14/03/2023,15/03/2023,SKU-SO-043-A-XL-S
119,Syltherine-especial,Stylish cafe chair-especial,500000,500000,0,TRUE,https://i.postimg.cc/3Jt9DLHr/sofa-pequeno.png,17/04/2024,18/04/2024,SKU-BA-007-V-L-S
120,Leviosa-especial,Stylish cafe chair-especial,2500000,3500000,0.30,FALSE,https://i.postimg.cc/Qtc09hjv/mesa.png,08/03/2023,09/03/2023,SKU-BA-016-V-L-S
121,Lolito-especial,Luxury big sofa-especial,2500000,2500000,0,FALSE,https://i.postimg.cc/sDmH4j5r/cadeira.png,09/03/2023,10/03/2023,SKU-SO-007-V-L-S
122,Respira-especial,Outdoor bar table and stool-especial,7000000,14000000,.50,FALSE,https://i.postimg.cc/kGcsss6c/sofa-grande.png,10/03/2023,11/03/2023,SKU-SO-017-V-L-S
123,Grifo-especial,Night lamp-especial,500000,500000,0,TRUE,https://i.postimg.cc/y8WjhFVm/sofa-sala.png,09/04/2024,10/04/2024,SKU-AB-007-V-L-S
124,Muggo-especial,Small mug-especial,1500000,1500000,0,FALSE,https://i.postimg.cc/RV4bt66d/abajur.png,12/03/2023,13/03/2023,SKU-SO-026-V-L-S
125,Pingky-especial,Cute bed set-especial,150000,150000,0,TRUE,https://i.postimg.cc/Z5gcwCR1/sofa.png,12/03/2024,13/03/2024,SKU-SO-034-V-L-S
126,Potty-especial,Minimalist flower pot-especial,7000000,14000000,.50,FALSE,https://i.postimg.cc/DyvBZ9HY/sofa-grande2.png,14/03/2023,15/03/2023,SKU-SO-044-A-LX-S
127,Syltherine-especial,Stylish cafe chair-especial,500000,500000,0,TRUE,https://i.postimg.cc/3Jt9DLHr/sofa-pequeno.png,17/04/2024,18/04/2024,SKU-BA-008-V-XL-S
128,Leviosa-especial,Stylish cafe chair-especial,2500000,3500000,0.30,FALSE,https://i.postimg.cc/Qtc09hjv/mesa.png,08/03/2023,09/03/2023,SKU-BA-017-V-XL-S
129,Lolito-especial,Luxury big sofa-especial,2500000,2500000,0,FALSE,https://i.postimg.cc/sDmH4j5r/cadeira.png,09/03/2023,10/03/2023,SKU-SO-008-V-XL-S
130,Respira-especial,Outdoor bar table and stool-especial,7000000,14000000,.50,FALSE,https://i.postimg.cc/kGcsss6c/sofa-grande.png,10/03/2023,11/03/2023,SKU-SO-018-V-XL-S
131,Grifo-especial,Night lamp-especial,500000,500000,0,TRUE,https://i.postimg.cc/y8WjhFVm/sofa-sala.png,09/04/2024,10/04/2024,SKU-AB-008-V-XL-S
132,Muggo-especial,Small mug-especial,1500000,1500000,0,FALSE,https://i.postimg.cc/RV4bt66d/abajur.png,12/03/2023,13/03/2023,SKU-SO-027-V-XL-S
133,Pingky-especial,Cute bed set-especial,150000,150000,0,TRUE,https://i.postimg.cc/Z5gcwCR1/sofa.png,12/03/2024,13/03/2024,SKU-SO-037-V-XL-S
134,Potty-especial,Minimalist flower pot-especial,7000000,14000000,.50,FALSE,https://i.postimg.cc/DyvBZ9HY/sofa-grande2.png,14/03/2023,15/03/2023,SKU-SO-045-V-L-S
135,Syltherine-especial,Stylish cafe chair-especial,500000,500000,0,TRUE,https://i.postimg.cc/3Jt9DLHr/sofa-pequeno.png,17/04/2024,18/04/2024,SKU-BA-009-V-LX-S
136,Leviosa-especial,Stylish cafe chair-especial,2500000,3500000,0.30,FALSE,https://i.postimg.cc/Qtc09hjv/mesa.png,08/03/2023,09/03/2023,SKU-BA-018-V-LX-S
137,Lolito-especial,Luxury big sofa-especial,2500000,2500000,0,FALSE,https://i.postimg.cc/sDmH4j5r/cadeira.png,09/03/2023,10/03/2023,SKU-SO-009-V-LX-S
138,Respira-especial,Outdoor bar table and stool-especial,7000000,14000000,.50,FALSE,https://i.postimg.cc/kGcsss6c/sofa-grande.png,10/03/2023,11/03/2023,SKU-SO-019-V-LX-S
139,Grifo-especial,Night lamp-especial,500000,500000,0,TRUE,https://i.postimg.cc/y8WjhFVm/sofa-sala.png,09/04/2024,10/04/2024,SKU-AB-009-V-LX-S
140,Muggo-especial,Small mug-especial,1500000,1500000,0,FALSE,https://i.postimg.cc/RV4bt66d/abajur.png,12/03/2023,13/03/2023,SKU-SO-028-V-LX-S
141,Syltherine-especial-especial,Stylish cafe chair-especial-especial,150000,150000,0,TRUE,https://i.postimg.cc/Z5gcwCR1/sofa.png,12/03/2024,13/03/2024,SKU-BA-001-C-L-S-S